{"parent":"minecraft:item/generated","textures":{"layer0":"minecraft:item/apple"},"overrides":[{"predicate":{"custom_model_data":1.0},"model":"foodplusid:item/blue_candy"},{"predicate":{"custom_model_data":2.0},"model":"foodplusid:item/cooked_bat_wing"},{"predicate":{"custom_model_data":3.0},"model":"foodplusid:item/fried_pumpkin_seed"},{"predicate":{"custom_model_data":4.0},"model":"foodplusid:item/milled_lichen"},{"predicate":{"custom_model_data":5.0},"model":"foodplusid:item/orange_candy"},{"predicate":{"custom_model_data":6.0},"model":"foodplusid:item/vegetable_salad"}]}