{"parent":"minecraft:item/generated","textures":{"layer0":"minecraft:item/baked_potato"},"overrides":[{"predicate":{"custom_model_data":1.0},"model":"foodplusid:item/cooked_sniffer_meat"},{"predicate":{"custom_model_data":2.0},"model":"foodplusid:item/glow_berries_pie"},{"predicate":{"custom_model_data":3.0},"model":"foodplusid:item/mysterious_medicine"},{"predicate":{"custom_model_data":4.0},"model":"foodplusid:item/pork_sandwich"},{"predicate":{"custom_model_data":5.0},"model":"foodplusid:item/sea_salad"}]}