{"parent":"minecraft:item/generated","textures":{"layer0":"minecraft:item/carrot"},"overrides":[{"predicate":{"custom_model_data":1.0},"model":"foodplusid:item/berry_cookie"},{"predicate":{"custom_model_data":2.0},"model":"foodplusid:item/chocolate"},{"predicate":{"custom_model_data":3.0},"model":"foodplusid:item/fried_mushroom1"},{"predicate":{"custom_model_data":4.0},"model":"foodplusid:item/melon_juice"},{"predicate":{"custom_model_data":5.0},"model":"grime:item/sasquatch_meat"},{"predicate":{"custom_model_data":6.0},"model":"foodplusid:item/turnip"}]}