{"parent":"minecraft:item/generated","textures":{"layer0":"minecraft:item/chicken"},"overrides":[{"predicate":{"custom_model_data":1.0},"model":"foodplusid:item/bee_pill"},{"predicate":{"custom_model_data":2.0},"model":"foodplusid:item/carrot_bread"},{"predicate":{"custom_model_data":3.0},"model":"foodplusid:item/golden_turnip"},{"predicate":{"custom_model_data":4.0},"model":"foodplusid:item/lime_candy"},{"predicate":{"custom_model_data":5.0},"model":"foodplusid:item/red_sus_candy"},{"predicate":{"custom_model_data":6.0},"model":"foodplusid:item/sunflower_seeds"}]}