{"parent":"item/generated","textures":{"layer0":"item/cod"},"display":{"head":{"rotation":[0.0,90.0,-60.0],"translation":[-7.0,-4.0,-7.0],"scale":[0.8,0.8,0.8]}},"overrides":[{"predicate":{"custom_model_data":1.0},"model":"foodplusid:item/beef_salad"},{"predicate":{"custom_model_data":2.0},"model":"foodplusid:item/carrot_cookie"},{"predicate":{"custom_model_data":3.0},"model":"foodplusid:item/gray_candy"},{"predicate":{"custom_model_data":4.0},"model":"foodplusid:item/magenta_candy"},{"predicate":{"custom_model_data":5.0},"model":"foodplusid:item/sweet_berries_juice"},{"predicate":{"custom_model_data":6.0},"model":"foodplusid:item/yellow_candy"}]}