{"parent":"item/generated","textures":{"layer0":"item/leather_boots","layer1":"item/leather_boots_overlay"},"overrides":[{"predicate":{"custom_model_data":1.0},"model":"boneequipment:item/bone_boots"},{"predicate":{"custom_model_data":2.0},"model":"exlinecopperequipment:item/copper_boots"},{"predicate":{"custom_model_data":3.0},"model":"emeraldequipment:item/emerald_boots"},{"predicate":{"custom_model_data":4.0},"model":"obsidianequipment:item/obsidian_boots"},{"predicate":{"custom_model_data":5.0},"model":"wooledboots:item/redy1aye_copper_wooled_boots"},{"predicate":{"custom_model_data":6.0},"model":"wooledboots:item/redy1aye_waxed_copper_wooled_boots"},{"predicate":{"custom_model_data":7.0},"model":"wooledboots:item/therrassium_wooled_boots"},{"predicate":{"custom_model_data":8.0},"model":"wooledboots:item/wooled_chainmail_boots"},{"predicate":{"custom_model_data":9.0},"model":"wooledboots:item/wooled_diamond_boots"},{"predicate":{"custom_model_data":10.0},"model":"wooledboots:item/wooled_gold_boots"},{"predicate":{"custom_model_data":11.0},"model":"wooledboots:item/wooled_iron_boots"},{"predicate":{"custom_model_data":12.0},"model":"wooledboots:item/wooled_leather_boots"},{"predicate":{"custom_model_data":13.0},"model":"wooledboots:item/wooled_netherite_boots"}]}