{"parent":"minecraft:item/generated","textures":{"layer0":"minecraft:item/porkchop"},"overrides":[{"predicate":{"custom_model_data":1.0},"model":"foodplusid:item/beet_bread"},{"predicate":{"custom_model_data":2.0},"model":"foodplusid:item/carrot_pie"},{"predicate":{"custom_model_data":3.0},"model":"foodplusid:item/fish_salad"},{"predicate":{"custom_model_data":4.0},"model":"foodplusid:item/honey_cookie"},{"predicate":{"custom_model_data":5.0},"model":"foodplusid:item/meat_pie"},{"predicate":{"custom_model_data":6.0},"model":"foodplusid:item/root"}]}