{"parent":"minecraft:item/generated","textures":{"layer0":"minecraft:item/potato"},"overrides":[{"predicate":{"custom_model_data":1.0},"model":"grime:item/cooked_sasquatch_meat"},{"predicate":{"custom_model_data":2.0},"model":"foodplusid:item/glow_berries_juice"},{"predicate":{"custom_model_data":3.0},"model":"foodplusid:item/mutton_sandwich"},{"predicate":{"custom_model_data":4.0},"model":"foodplusid:item/pork_salad"},{"predicate":{"custom_model_data":5.0},"model":"foodplusid:item/white_candy"}]}