{"parent":"minecraft:item/generated","textures":{"layer0":"minecraft:item/rabbit"},"overrides":[{"predicate":{"custom_model_data":1.0},"model":"foodplusid:item/beetroot_cookie"},{"predicate":{"custom_model_data":2.0},"model":"foodplusid:item/chicken_salad"},{"predicate":{"custom_model_data":3.0},"model":"foodplusid:item/fish_sandwich"},{"predicate":{"custom_model_data":4.0},"model":"foodplusid:item/honey_gum"},{"predicate":{"custom_model_data":5.0},"model":"foodplusid:item/salmon_salad"},{"predicate":{"custom_model_data":6.0},"model":"foodplusid:item/tolchonka"}]}