{"parent":"minecraft:item/generated","textures":{"layer0":"minecraft:item/salmon"},"overrides":[{"predicate":{"custom_model_data":1.0},"model":"foodplusid:item/beetroot_juice"},{"predicate":{"custom_model_data":2.0},"model":"foodplusid:item/chicken_sandwich"},{"predicate":{"custom_model_data":3.0},"model":"foodplusid:item/cyan_candy"},{"predicate":{"custom_model_data":4.0},"model":"foodplusid:item/hot_stuff"},{"predicate":{"custom_model_data":5.0},"model":"foodplusid:item/medovik_slice"},{"predicate":{"custom_model_data":6.0},"model":"foodplusid:item/salmon_sandwich"}]}