{"parent":"minecraft:item/handheld","textures":{"layer0":"minecraft:item/stone_pickaxe"},"overrides":[{"predicate":{"custom_model_data":1.0},"model":"boneequipment:item/bone_axe"},{"predicate":{"custom_model_data":2.0},"model":"boneequipment:item/bone_hoe"},{"predicate":{"custom_model_data":3.0},"model":"boneequipment:item/bone_shovel"},{"predicate":{"custom_model_data":4.0},"model":"exlinecopperequipment:item/copper_shovel"},{"predicate":{"custom_model_data":4.0,"damage":0.25},"model":"exlinecopperequipment:item/exposed_copper_shovel"},{"predicate":{"custom_model_data":4.0,"damage":0.5},"model":"exlinecopperequipment:item/weathered_copper_shovel"},{"predicate":{"custom_model_data":4.0,"damage":0.75},"model":"exlinecopperequipment:item/oxidized_copper_shovel"},{"predicate":{"custom_model_data":5.0},"model":"basicweapons:item/diamond_dagger"},{"predicate":{"custom_model_data":6.0},"model":"basicweapons:item/diamond_quarterstaff"},{"predicate":{"custom_model_data":7.0},"model":"emeraldequipment:item/emerald_axe"},{"predicate":{"custom_model_data":8.0},"model":"emeraldequipment:item/emerald_hoe"},{"predicate":{"custom_model_data":9.0},"model":"emeraldequipment:item/emerald_sword"},{"predicate":{"custom_model_data":10.0},"model":"basicweapons:item/golden_club"},{"predicate":{"custom_model_data":11.0},"model":"basicweapons:item/golden_hammer"},{"predicate":{"custom_model_data":12.0},"model":"basicweapons:item/golden_spear"},{"predicate":{"custom_model_data":13.0},"model":"basicweapons:item/iron_dagger"},{"predicate":{"custom_model_data":14.0},"model":"basicweapons:item/iron_quarterstaff"},{"predicate":{"custom_model_data":15.0},"model":"grime:item/killer"},{"predicate":{"custom_model_data":16.0},"model":"grime:item/magma_ball"},{"predicate":{"custom_model_data":17.0},"model":"basicweapons:item/netherite_club"},{"predicate":{"custom_model_data":18.0},"model":"basicweapons:item/netherite_hammer"},{"predicate":{"custom_model_data":19.0},"model":"basicweapons:item/netherite_spear"},{"predicate":{"custom_model_data":20.0},"model":"obsidianequipment:item/obsidian_sword"},{"predicate":{"custom_model_data":21.0},"model":"basicweapons:item/stone_club"},{"predicate":{"custom_model_data":22.0},"model":"basicweapons:item/stone_hammer"},{"predicate":{"custom_model_data":23.0},"model":"basicweapons:item/stone_spear"},{"predicate":{"custom_model_data":24.0},"model":"basicweapons:item/wooden_club"},{"predicate":{"custom_model_data":25.0},"model":"basicweapons:item/wooden_hammer"},{"predicate":{"custom_model_data":26.0},"model":"basicweapons:item/wooden_spear"}]}