{
	"parent": "item/generated",
	"textures": {
		"layer0": "minecraft:item/white_dye"
	},
	"overrides": [
		{
			"predicate": {
				"custom_model_data": 1
			},
			"model": "item/animated_java_empty"
		},
		{
			"predicate": {
				"custom_model_data": 2
			},
			"model": "animated_java:item/grime/head"
		},
		{
			"predicate": {
				"custom_model_data": 3
			},
			"model": "animated_java:item/grime/arm0"
		},
		{
			"predicate": {
				"custom_model_data": 4
			},
			"model": "animated_java:item/grime/arm1"
		},
		{
			"predicate": {
				"custom_model_data": 5
			},
			"model": "animated_java:item/grime/leg2"
		},
		{
			"predicate": {
				"custom_model_data": 6
			},
			"model": "animated_java:item/grime/leg0"
		},
		{
			"predicate": {
				"custom_model_data": 7
			},
			"model": "animated_java:item/grime/leg1"
		},
		{
			"predicate": {
				"custom_model_data": 8
			},
			"model": "animated_java:item/grime/leg3"
		},
		{
			"predicate": {
				"custom_model_data": 9
			},
			"model": "animated_java:item/grime/body"
		}
	],
	"animated_java": {
		"rigs": {
			"grime": {
				"used_ids": [
					2,
					3,
					4,
					5,
					6,
					7,
					8,
					9
				]
			}
		}
	}
}