{"parent":"minecraft:item/handheld","textures":{"layer0":"minecraft:item/wooden_pickaxe"},"overrides":[{"predicate":{"custom_model_data":1.0},"model":"boneequipment:item/bone_pickaxe"},{"predicate":{"custom_model_data":2.0},"model":"boneequipment:item/bone_sword"},{"predicate":{"custom_model_data":3.0},"model":"exlinecopperequipment:item/copper_axe"},{"predicate":{"custom_model_data":3.0,"damage":0.25},"model":"exlinecopperequipment:item/exposed_copper_axe"},{"predicate":{"custom_model_data":3.0,"damage":0.5},"model":"exlinecopperequipment:item/weathered_copper_axe"},{"predicate":{"custom_model_data":3.0,"damage":0.75},"model":"exlinecopperequipment:item/oxidized_copper_axe"},{"predicate":{"custom_model_data":4.0},"model":"exlinecopperequipment:item/copper_hoe"},{"predicate":{"custom_model_data":4.0,"damage":0.25},"model":"exlinecopperequipment:item/exposed_copper_hoe"},{"predicate":{"custom_model_data":4.0,"damage":0.5},"model":"exlinecopperequipment:item/weathered_copper_hoe"},{"predicate":{"custom_model_data":4.0,"damage":0.75},"model":"exlinecopperequipment:item/oxidized_copper_hoe"},{"predicate":{"custom_model_data":5.0},"model":"exlinecopperequipment:item/copper_pickaxe"},{"predicate":{"custom_model_data":5.0,"damage":0.25},"model":"exlinecopperequipment:item/exposed_copper_pick"},{"predicate":{"custom_model_data":5.0,"damage":0.5},"model":"exlinecopperequipment:item/weathered_copper_pick"},{"predicate":{"custom_model_data":5.0,"damage":0.75},"model":"exlinecopperequipment:item/oxidized_copper_pick"},{"predicate":{"custom_model_data":6.0},"model":"exlinecopperequipment:item/copper_sword"},{"predicate":{"custom_model_data":6.0,"damage":0.25},"model":"exlinecopperequipment:item/exposed_copper_sword"},{"predicate":{"custom_model_data":6.0,"damage":0.5},"model":"exlinecopperequipment:item/weathered_copper_sword"},{"predicate":{"custom_model_data":6.0,"damage":0.75},"model":"exlinecopperequipment:item/oxidized_copper_sword"},{"predicate":{"custom_model_data":7.0},"model":"basicweapons:item/diamond_club"},{"predicate":{"custom_model_data":8.0},"model":"basicweapons:item/diamond_hammer"},{"predicate":{"custom_model_data":9.0},"model":"basicweapons:item/diamond_spear"},{"predicate":{"custom_model_data":10.0},"model":"emeraldequipment:item/emerald_pickaxe"},{"predicate":{"custom_model_data":11.0},"model":"emeraldequipment:item/emerald_shovel"},{"predicate":{"custom_model_data":12.0},"model":"basicweapons:item/golden_dagger"},{"predicate":{"custom_model_data":13.0},"model":"basicweapons:item/golden_quarterstaff"},{"predicate":{"custom_model_data":14.0},"model":"basicweapons:item/iron_club"},{"predicate":{"custom_model_data":15.0},"model":"basicweapons:item/iron_hammer"},{"predicate":{"custom_model_data":16.0},"model":"basicweapons:item/iron_spear"},{"predicate":{"custom_model_data":17.0},"model":"basicweapons:item/netherite_dagger"},{"predicate":{"custom_model_data":18.0},"model":"basicweapons:item/netherite_quarterstaff"},{"predicate":{"custom_model_data":19.0},"model":"obsidianequipment:item/obsidian_axe"},{"predicate":{"custom_model_data":20.0},"model":"obsidianequipment:item/obsidian_hoe"},{"predicate":{"custom_model_data":21.0},"model":"obsidianequipment:item/obsidian_pickaxe"},{"predicate":{"custom_model_data":22.0},"model":"obsidianequipment:item/obsidian_shovel"},{"predicate":{"custom_model_data":23.0},"model":"grime:item/scrimolo"},{"predicate":{"custom_model_data":24.0},"model":"basicweapons:item/stone_dagger"},{"predicate":{"custom_model_data":25.0},"model":"basicweapons:item/stone_quarterstaff"},{"predicate":{"custom_model_data":26.0},"model":"basicweapons:item/wooden_dagger"},{"predicate":{"custom_model_data":27.0},"model":"basicweapons:item/wooden_quarterstaff"}]}