{"sasquatchhurt":{"replace":false,"subtitle":"subtitles.sasquatchhurt","sounds":[{"name":"grime:hurtsquatch","stream":false}]},"sasquatchambient":{"replace":false,"subtitle":"subtitles.sasquatchambient","sounds":[{"name":"grime:squatch2","stream":false},{"name":"grime:sasquatch","stream":false}]},"slightlybewildered":{"replace":false,"subtitle":"subtitles.slightlybewildered","sounds":[{"name":"grime:bewildered","stream":true}]},"sasquatchdeath":{"replace":false,"subtitle":"subtitles.sasquatchdeath","sounds":[{"name":"grime:squatchdeath","stream":false}]},"sasquatchletambient":{"replace":false,"subtitle":"subtitles.sasquatchletambient","sounds":[{"name":"grime:sasquatchlet2","stream":false},{"name":"grime:sasquatchlet","stream":false}]},"sasquatchlethurt":{"replace":false,"subtitle":"subtitles.sasquatchlethurt","sounds":[{"name":"grime:hurtsquatchlet","stream":false}]},"sasquatchletdeath":{"replace":false,"subtitle":"subtitles.sasquatchletdeath","sounds":[{"name":"grime:squatchletdeath","stream":false}]}}